,DICT _ Concern
0,most
1,most
2,most
3,most
4,most
5,most
6,most
7,most
8,most
9,most
10,most
11,most
12,most
13,most
14,most
15,most
16,most
17,most
18,most
19,most
20,most
21,most
22,most
23,most
24,most
25,most
26,most
27,most
28,most
29,most
30,most
31,most
32,most
33,most
34,most
35,most
36,most
37,most
38,most
39,most
40,most
41,most
42,most
43,most
44,most
45,most
46,most
47,most
48,most
49,most
50,most
51,most
52,most
53,most
54,most
55,most
56,most
57,most
58,most
59,most
60,most
61,most
62,most
63,most
64,most
65,most
66,most
67,most
68,most
69,most
70,most
71,most
72,most
73,most
74,most
75,most
76,most
77,most
78,most
79,most
80,most
81,most
82,most
83,most
84,most
85,most
86,most
87,most
88,most
89,most
90,most
91,most
92,most
93,most
94,most
95,most
96,most
97,most
98,most
99,most
100,most
101,most
102,most
103,most
104,most
105,most
106,most
107,most
108,most
109,most
110,most
111,most
112,most
113,most
114,most
115,most
116,most
117,most
118,most
119,most
120,most
121,most
122,most
123,most
124,most
125,most
126,most
127,most
128,most
129,most
130,most
131,most
132,most
133,most
134,most
135,most
136,most
137,most
138,most
139,most
140,most
141,most
142,most
143,most
144,most
145,most
146,most
147,most
148,most
149,most
150,most
151,most
152,most
153,most
154,most
155,most
156,most
157,most
158,most
159,most
160,most
161,most
162,most
163,most
164,most
165,most
166,most
167,most
168,most
169,most
170,most
171,most
172,most
173,most
174,most
175,most
176,most
177,most
178,most
179,most
180,most
181,most
182,most
183,most
184,most
185,most
186,most
187,most
188,most
189,most
190,most
191,most
192,most
193,most
194,most
195,most
196,most
197,most
198,most
199,most
200,most
201,most
202,most
203,most
204,most
205,most
206,most
207,most
208,most
209,most
210,most
211,most
212,most
213,most
214,most
215,most
216,most
217,most
218,most
219,most
220,most
221,most
222,most
223,most
224,most
225,most
226,most
227,most
228,most
229,most
230,most
231,most
232,most
233,most
234,most
235,most
236,most
237,most
238,most
239,most
240,most
241,most
242,most
243,most
244,most
245,most
246,most
247,most
248,most
249,most
250,most
251,most
252,most
253,most
254,most
255,most
256,most
257,most
258,most
259,most
260,most
261,most
262,most
263,most
264,most
265,most
266,most
267,most
268,most
269,most
270,most
271,most
272,most
273,most
274,most
275,most
276,most
277,most
278,most
279,most
280,most
281,most
282,most
283,most
284,most
285,most
286,most
287,most
288,most
289,most
290,most
291,most
292,most
293,no
294,no
295,no
296,no
297,no
298,no
299,no
300,no
301,no
302,no
303,no
304,no
305,no
306,no
307,no
308,no
309,no
310,no
311,no
312,no
313,no
314,no
315,no
316,no
317,no
318,no
319,no
320,no
321,no
322,no
323,no
324,no
325,no
326,no
327,no
328,no
329,no
330,no
331,no
332,no
333,no
334,no
335,no
336,no
337,no
338,no
339,no
340,no
341,no
342,no
343,no
344,no
345,no
346,no
347,no
348,no
349,no
350,no
351,no
352,no
353,no
354,no
355,no
356,no
357,no
358,no
359,no
360,no
361,no
362,no
363,no
364,no
365,no
366,no
367,no
368,no
369,no
370,no
371,no
372,no
373,no
374,no
375,no
376,no
377,no
378,no
379,no
380,no
381,no
382,no
383,no
384,no
385,no
386,no
387,no
388,no
389,no
390,no
391,no
392,no
393,no
394,no
395,no
396,no
397,no
398,no
399,no
400,no
401,no
402,no
403,no
404,no
405,no
406,no
407,no
408,no
409,no
410,no
411,no
412,no
413,no
414,no
415,no
416,no
417,no
418,no
419,no
420,no
421,no
422,no
423,no
424,no
425,no
426,no
427,no
428,no
429,no
430,no
431,no
432,no
433,no
434,no
435,no
436,no
437,no
438,no
439,no
440,no
441,no
442,no
443,no
444,no
445,no
446,no
447,no
448,no
449,no
450,no
451,no
452,no
453,no
454,no
455,no
456,no
457,no
458,no
459,no
460,no
461,no
462,no
463,no
464,no
465,no
466,no
467,no
468,no
469,no
470,no
471,no
472,no
473,no
474,no
475,no
476,no
477,no
478,no
479,no
480,no
481,no
482,no
483,no
484,no
485,no
486,no
487,no
488,no
489,no
490,no
491,no
492,no
493,no
494,no
495,no
496,no
497,no
498,no
499,no
500,no
501,no
502,no
503,no
504,no
505,no
506,no
507,no
508,no
509,no
510,no
511,no
512,no
513,no
514,no
515,no
516,no
517,no
518,no
519,no
520,no
521,no
522,no
523,no
524,no
525,no
526,no
527,no
528,no
529,no
530,no
531,no
532,no
533,no
534,no
535,no
536,no
537,no
538,no
539,no
540,no
541,no
542,no
543,no
544,no
545,no
546,no
547,no
548,no
549,no
550,no
551,no
552,no
553,no
554,no
